tree_id,plot_id,measurement_date,spad_leaf_1,spad_leaf_2,spad_leaf_3,spad_mean,stem_diameter_30cm_mm,pod_load_score,vigour_score,observer,notes
B1_CCN51_L_T01,B1_CCN51_L,2026-04-22,45.5,44.2,45.3,45.01,54.7,4,3,TFG,
B1_CCN51_L_T02,B1_CCN51_L,2026-04-22,42.3,44.2,41.2,42.54,59.9,2,3,TFG,
B1_CCN51_L_T03,B1_CCN51_L,2026-04-22,45.1,42.2,47.1,44.81,55.8,3,2,TFG,
B1_CCN51_L_T04,B1_CCN51_L,2026-04-22,46.1,42.7,44.3,44.35,57.1,3,3,TFG,
B1_CCN51_L_T05,B1_CCN51_L,2026-04-22,45,43.9,48.2,45.68,65.1,2,4,TFG,
B1_CCN51_L_T06,B1_CCN51_L,2026-04-22,44.1,47.1,43.3,44.84,62.4,3,3,TFG,
B1_CCN51_L_T07,B1_CCN51_L,2026-04-22,46.5,45.4,46.8,46.25,62,3,3,TFG,
B1_CCN51_L_T08,B1_CCN51_L,2026-04-22,43.4,43.6,43,43.35,54.3,3,4,TFG,
B1_CCN51_L_T09,B1_CCN51_L,2026-04-22,43.5,43.1,43,43.2,56.4,3,3,TFG,
B1_CCN51_L_T10,B1_CCN51_L,2026-04-22,46.3,41.3,41.9,43.17,65.3,2,1,TFG,
B1_CCN51_L_T11,B1_CCN51_L,2026-04-22,45.5,44,46.7,45.37,53,2,3,TFG,
B1_CCN51_L_T12,B1_CCN51_L,2026-04-22,40.6,46.3,44.3,43.74,64.3,3,2,TFG,
B1_CCN51_M_T01,B1_CCN51_M,2026-04-22,49.1,50.2,51.6,50.27,73.5,4,3,TFG,
B1_CCN51_M_T02,B1_CCN51_M,2026-04-22,50.6,49.4,54.2,51.42,58.6,3,4,TFG,
B1_CCN51_M_T03,B1_CCN51_M,2026-04-22,49.9,48.6,59.4,52.65,70.1,3,4,TFG,
B1_CCN51_M_T04,B1_CCN51_M,2026-04-22,53.7,50.8,50.9,51.78,58,3,4,TFG,
B1_CCN51_M_T05,B1_CCN51_M,2026-04-22,57.1,48.7,51.8,52.54,58.4,3,4,TFG,
B1_CCN51_M_T06,B1_CCN51_M,2026-04-22,52.5,51.6,49.7,51.27,59.7,5,3,TFG,
B1_CCN51_M_T07,B1_CCN51_M,2026-04-22,54.3,52.2,51.6,52.68,71.2,4,4,TFG,
B1_CCN51_M_T08,B1_CCN51_M,2026-04-22,52.3,53.3,49.8,51.8,60.2,3,4,TFG,
B1_CCN51_M_T09,B1_CCN51_M,2026-04-22,51.9,50.4,54.7,52.35,57.9,4,3,TFG,
B1_CCN51_M_T10,B1_CCN51_M,2026-04-22,52.6,56.3,54.8,54.55,64.1,4,3,TFG,
B1_CCN51_M_T11,B1_CCN51_M,2026-04-22,52,49.3,57.3,52.87,70.7,4,4,TFG,
B1_CCN51_M_T12,B1_CCN51_M,2026-04-22,47.6,54.5,52,51.36,69.1,2,4,TFG,
B1_CCN51_H_T01,B1_CCN51_H,2026-04-22,53.1,59.9,57.8,56.94,57.7,3,4,TFG,
B1_CCN51_H_T02,B1_CCN51_H,2026-04-22,56.5,55.3,54.2,55.32,53.4,4,4,TFG,
B1_CCN51_H_T03,B1_CCN51_H,2026-04-22,53.7,53.9,54.3,53.94,60.3,3,3,TFG,
B1_CCN51_H_T04,B1_CCN51_H,2026-04-22,54.8,50.9,51.7,52.5,52.7,3,4,TFG,
B1_CCN51_H_T05,B1_CCN51_H,2026-04-22,53.1,51.5,51.6,52.06,67.9,5,4,TFG,
B1_CCN51_H_T06,B1_CCN51_H,2026-04-22,51.8,52.3,48.7,50.95,59.2,4,4,TFG,
B1_CCN51_H_T07,B1_CCN51_H,2026-04-22,49.9,53.8,53.2,52.32,66.9,5,4,TFG,
B1_CCN51_H_T08,B1_CCN51_H,2026-04-22,53.5,50.7,53.3,52.52,60.1,4,4,TFG,
B1_CCN51_H_T09,B1_CCN51_H,2026-04-22,53.2,51.7,54.4,53.08,58.5,4,4,TFG,
B1_CCN51_H_T10,B1_CCN51_H,2026-04-22,57.3,54.6,53.6,55.2,68,2,3,TFG,
B1_CCN51_H_T11,B1_CCN51_H,2026-04-22,50.3,50.5,54.8,51.87,64.9,4,3,TFG,
B1_CCN51_H_T12,B1_CCN51_H,2026-04-22,58.5,52,53.9,54.81,60.4,4,4,TFG,
B1_PS1319_L_T01,B1_PS1319_L,2026-04-22,45.3,45.2,39.9,43.45,54.9,3,3,TFG,
B1_PS1319_L_T02,B1_PS1319_L,2026-04-22,45.4,44.6,47.8,45.96,53.2,4,3,TFG,
B1_PS1319_L_T03,B1_PS1319_L,2026-04-22,45.8,45.3,42.4,44.5,52,1,3,TFG,
B1_PS1319_L_T04,B1_PS1319_L,2026-04-22,42.6,43.7,40.8,42.4,62.7,2,3,TFG,
B1_PS1319_L_T05,B1_PS1319_L,2026-04-22,46,44.8,47.2,46.02,58.1,2,3,TFG,
B1_PS1319_L_T06,B1_PS1319_L,2026-04-22,44.1,44.5,47.4,45.34,59.4,4,2,TFG,
B1_PS1319_L_T07,B1_PS1319_L,2026-04-22,45.7,43.3,47.1,45.33,47,3,3,TFG,
B1_PS1319_L_T08,B1_PS1319_L,2026-04-22,44.2,45.1,47.3,45.55,44.9,2,2,TFG,
B1_PS1319_L_T09,B1_PS1319_L,2026-04-22,51.3,45.8,42.7,46.59,50.2,2,3,TFG,
B1_PS1319_L_T10,B1_PS1319_L,2026-04-22,41.8,45.8,39.5,42.41,48.8,3,3,TFG,
B1_PS1319_L_T11,B1_PS1319_L,2026-04-22,40.2,44.3,46.1,43.52,52.4,3,3,TFG,
B1_PS1319_L_T12,B1_PS1319_L,2026-04-22,37.2,46.7,47.5,43.81,52.9,3,3,TFG,
B1_PS1319_M_T01,B1_PS1319_M,2026-04-22,49,49.1,51.9,50,60,5,4,TFG,
B1_PS1319_M_T02,B1_PS1319_M,2026-04-22,47.6,48.5,52.8,49.63,64.7,5,3,TFG,
B1_PS1319_M_T03,B1_PS1319_M,2026-04-22,48.3,55.6,47.1,50.36,48.2,2,3,TFG,
B1_PS1319_M_T04,B1_PS1319_M,2026-04-22,48.1,50.4,47.4,48.66,55.9,4,4,TFG,
B1_PS1319_M_T05,B1_PS1319_M,2026-04-22,55.5,53.3,54.4,54.43,57.2,4,4,TFG,
B1_PS1319_M_T06,B1_PS1319_M,2026-04-22,51.8,47.1,48.5,49.14,54.9,4,4,TFG,
B1_PS1319_M_T07,B1_PS1319_M,2026-04-22,53.6,54.3,48.5,52.14,59.1,4,4,TFG,
B1_PS1319_M_T08,B1_PS1319_M,2026-04-22,51.7,48.7,48.1,49.49,56,3,4,TFG,
B1_PS1319_M_T09,B1_PS1319_M,2026-04-22,52.5,48,52,50.82,71.1,4,3,TFG,
B1_PS1319_M_T10,B1_PS1319_M,2026-04-22,42.4,53.1,47.9,47.77,59.9,4,4,TFG,
B1_PS1319_M_T11,B1_PS1319_M,2026-04-22,48.2,50.1,53.5,50.6,55.2,3,4,TFG,
B1_PS1319_M_T12,B1_PS1319_M,2026-04-22,48.7,45.9,53.2,49.25,53.7,3,4,TFG,
B1_PS1319_H_T01,B1_PS1319_H,2026-04-22,60.6,60.4,56.1,59.02,64.2,4,4,TFG,
B1_PS1319_H_T02,B1_PS1319_H,2026-04-22,59.7,60.4,58.1,59.38,61.7,3,4,TFG,
B1_PS1319_H_T03,B1_PS1319_H,2026-04-22,54.9,60.7,62,59.22,60.6,3,4,TFG,
B1_PS1319_H_T04,B1_PS1319_H,2026-04-22,57.9,58.4,53.6,56.62,58.6,4,4,TFG,
B1_PS1319_H_T05,B1_PS1319_H,2026-04-22,59.2,56.1,63,59.42,69.2,4,4,TFG,
B1_PS1319_H_T06,B1_PS1319_H,2026-04-22,60.9,58,58.4,59.11,66.6,4,4,TFG,
B1_PS1319_H_T07,B1_PS1319_H,2026-04-22,60.2,60.7,60.1,60.33,59.9,4,4,TFG,
B1_PS1319_H_T08,B1_PS1319_H,2026-04-22,59.1,54.2,57.6,56.99,58.2,3,5,TFG,
B1_PS1319_H_T09,B1_PS1319_H,2026-04-22,58,62.6,53.6,58.1,70.1,4,4,TFG,
B1_PS1319_H_T10,B1_PS1319_H,2026-04-22,54.3,60,60.2,58.2,65.2,4,4,TFG,
B1_PS1319_H_T11,B1_PS1319_H,2026-04-22,61,57.9,56.3,58.41,66,4,4,TFG,
B1_PS1319_H_T12,B1_PS1319_H,2026-04-22,58.5,59.1,56.4,58,64.1,4,3,TFG,
B2_CCN51_L_T01,B2_CCN51_L,2026-04-22,43.3,43.8,51.7,46.23,56.6,2,4,TFG,
B2_CCN51_L_T02,B2_CCN51_L,2026-04-22,47.3,47.2,46.3,46.94,62.7,3,4,TFG,
B2_CCN51_L_T03,B2_CCN51_L,2026-04-22,46.2,41.7,45.6,44.51,61,4,3,TFG,
B2_CCN51_L_T04,B2_CCN51_L,2026-04-22,49.8,47,45.1,47.29,57,3,3,TFG,
B2_CCN51_L_T05,B2_CCN51_L,2026-04-22,42.9,47,48,45.94,49.8,3,3,TFG,
B2_CCN51_L_T06,B2_CCN51_L,2026-04-22,43.3,49.4,45.4,46.03,61.9,2,4,TFG,
B2_CCN51_L_T07,B2_CCN51_L,2026-04-22,41.6,51.4,46.4,46.49,56.8,4,3,TFG,
B2_CCN51_L_T08,B2_CCN51_L,2026-04-22,49.1,45.7,43.2,46,65.7,3,4,TFG,
B2_CCN51_L_T09,B2_CCN51_L,2026-04-22,46.3,48.7,48.7,47.92,56.6,3,2,TFG,
B2_CCN51_L_T10,B2_CCN51_L,2026-04-22,46.3,45,44,45.08,60.4,3,3,TFG,
B2_CCN51_L_T11,B2_CCN51_L,2026-04-22,47.5,42.1,46.4,45.34,48.9,3,4,TFG,
B2_CCN51_L_T12,B2_CCN51_L,2026-04-22,47.5,45.8,43.1,45.45,64.5,3,3,TFG,
B2_CCN51_M_T01,B2_CCN51_M,2026-04-22,53.6,51.5,49.5,51.52,59.5,4,4,TFG,
B2_CCN51_M_T02,B2_CCN51_M,2026-04-22,49.4,50.5,50.8,50.25,49.4,3,3,TFG,
B2_CCN51_M_T03,B2_CCN51_M,2026-04-22,57.8,49.9,55.3,54.35,64,3,4,TFG,
B2_CCN51_M_T04,B2_CCN51_M,2026-04-22,55.3,53,52.4,53.59,64.6,3,4,TFG,
B2_CCN51_M_T05,B2_CCN51_M,2026-04-22,56.2,55.5,52.7,54.79,60.5,4,3,TFG,
B2_CCN51_M_T06,B2_CCN51_M,2026-04-22,55.7,55.7,53.6,55,62.6,3,3,TFG,
B2_CCN51_M_T07,B2_CCN51_M,2026-04-22,51,54,53.9,52.96,59.1,3,4,TFG,
B2_CCN51_M_T08,B2_CCN51_M,2026-04-22,52,54.4,50.4,52.25,59.2,4,4,TFG,
B2_CCN51_M_T09,B2_CCN51_M,2026-04-22,52.2,56.6,51.3,53.34,65.2,4,3,TFG,
B2_CCN51_M_T10,B2_CCN51_M,2026-04-22,56,54.1,52.3,54.14,63.4,3,3,TFG,
B2_CCN51_M_T11,B2_CCN51_M,2026-04-22,52.7,51.4,58.3,54.12,66.6,3,4,TFG,
B2_CCN51_M_T12,B2_CCN51_M,2026-04-22,52.8,50.2,55.3,52.77,72,3,4,TFG,
B2_CCN51_H_T01,B2_CCN51_H,2026-04-22,53.4,55.1,54.8,54.43,69.5,3,5,TFG,
B2_CCN51_H_T02,B2_CCN51_H,2026-04-22,56.2,56.2,58.4,56.91,66.3,5,4,TFG,
B2_CCN51_H_T03,B2_CCN51_H,2026-04-22,57.3,54.1,57.7,56.38,55.2,3,3,TFG,
B2_CCN51_H_T04,B2_CCN51_H,2026-04-22,58.2,55.8,55.8,56.62,63.7,3,4,TFG,
B2_CCN51_H_T05,B2_CCN51_H,2026-04-22,56.2,59.8,53.3,56.43,61.8,4,5,TFG,
B2_CCN51_H_T06,B2_CCN51_H,2026-04-22,56.1,55.6,58.8,56.82,67.4,5,4,TFG,
B2_CCN51_H_T07,B2_CCN51_H,2026-04-22,57.6,57.6,57,57.43,62.9,5,4,TFG,
B2_CCN51_H_T08,B2_CCN51_H,2026-04-22,58.2,58.3,58.2,58.25,60,4,4,TFG,
B2_CCN51_H_T09,B2_CCN51_H,2026-04-22,59.7,57.3,58.4,58.47,59.7,4,4,TFG,
B2_CCN51_H_T10,B2_CCN51_H,2026-04-22,52.9,57.1,56,55.35,71.3,4,4,TFG,
B2_CCN51_H_T11,B2_CCN51_H,2026-04-22,59.4,59.4,54.3,57.7,67.1,4,4,TFG,
B2_CCN51_H_T12,B2_CCN51_H,2026-04-22,56.7,59.5,58.7,58.32,64,4,4,TFG,
B2_PS1319_L_T01,B2_PS1319_L,2026-04-22,42.6,43.7,45,43.76,65.2,2,3,TFG,
B2_PS1319_L_T02,B2_PS1319_L,2026-04-22,46.7,47.1,50,47.93,57.6,3,3,TFG,
B2_PS1319_L_T03,B2_PS1319_L,2026-04-22,46.4,45.7,42.6,44.88,53.5,2,2,TFG,
B2_PS1319_L_T04,B2_PS1319_L,2026-04-22,45.2,46.3,49.6,47.03,66.8,1,4,TFG,
B2_PS1319_L_T05,B2_PS1319_L,2026-04-22,43,46.9,47.8,45.87,58.8,2,4,TFG,
B2_PS1319_L_T06,B2_PS1319_L,2026-04-22,47.7,47,48.3,47.66,58.4,3,4,TFG,
B2_PS1319_L_T07,B2_PS1319_L,2026-04-22,47.4,49.1,49.1,48.53,52.5,3,3,TFG,
B2_PS1319_L_T08,B2_PS1319_L,2026-04-22,44.2,47,45.4,45.54,57.4,3,3,TFG,
B2_PS1319_L_T09,B2_PS1319_L,2026-04-22,44.3,44.1,48.4,45.64,59.9,2,2,TFG,
B2_PS1319_L_T10,B2_PS1319_L,2026-04-22,42.5,45.1,46,44.51,57.3,3,3,TFG,
B2_PS1319_L_T11,B2_PS1319_L,2026-04-22,48.7,43.1,49.7,47.17,59.4,3,4,TFG,
B2_PS1319_L_T12,B2_PS1319_L,2026-04-22,49.2,49.4,45.4,47.98,51.5,4,3,TFG,
B2_PS1319_M_T01,B2_PS1319_M,2026-04-22,51.4,54,56.7,54,60.1,4,3,TFG,
B2_PS1319_M_T02,B2_PS1319_M,2026-04-22,50.4,50.2,54.9,51.81,61.5,4,4,TFG,
B2_PS1319_M_T03,B2_PS1319_M,2026-04-22,51.3,51.4,54.9,52.54,57,4,4,TFG,
B2_PS1319_M_T04,B2_PS1319_M,2026-04-22,52,55.5,47.4,51.64,54,3,4,TFG,
B2_PS1319_M_T05,B2_PS1319_M,2026-04-22,52.6,54.9,53.8,53.78,66.9,3,4,TFG,
B2_PS1319_M_T06,B2_PS1319_M,2026-04-22,50.6,51.3,52.1,51.36,67.7,3,4,TFG,
B2_PS1319_M_T07,B2_PS1319_M,2026-04-22,52.7,54.1,52.3,53.02,66,3,4,TFG,
B2_PS1319_M_T08,B2_PS1319_M,2026-04-22,50.9,50.4,52.3,51.2,63.9,3,4,TFG,
B2_PS1319_M_T09,B2_PS1319_M,2026-04-22,51.6,53.1,53.6,52.79,56,4,4,TFG,
B2_PS1319_M_T10,B2_PS1319_M,2026-04-22,48.3,55.1,50.4,51.25,61.8,4,3,TFG,
B2_PS1319_M_T11,B2_PS1319_M,2026-04-22,54.5,55.8,59.1,56.45,66.3,4,4,TFG,
B2_PS1319_M_T12,B2_PS1319_M,2026-04-22,57.8,57.3,49.2,54.75,61.5,3,4,TFG,
B2_PS1319_H_T01,B2_PS1319_H,2026-04-22,55.5,60.3,51.9,55.88,64.9,3,4,TFG,
B2_PS1319_H_T02,B2_PS1319_H,2026-04-22,57.2,60.4,62,59.87,60.6,3,3,TFG,
B2_PS1319_H_T03,B2_PS1319_H,2026-04-22,53.5,57,52.8,54.42,58.1,5,4,TFG,
B2_PS1319_H_T04,B2_PS1319_H,2026-04-22,59.5,58.3,57,58.27,58.1,3,3,TFG,
B2_PS1319_H_T05,B2_PS1319_H,2026-04-22,57.5,58.7,53.2,56.5,58.6,4,4,TFG,
B2_PS1319_H_T06,B2_PS1319_H,2026-04-22,53.1,57.2,55.7,55.35,69.7,3,4,TFG,
B2_PS1319_H_T07,B2_PS1319_H,2026-04-22,59.3,56.3,54.9,56.84,64.3,4,4,TFG,
B2_PS1319_H_T08,B2_PS1319_H,2026-04-22,56.2,55.9,56.8,56.31,57,3,4,TFG,
B2_PS1319_H_T09,B2_PS1319_H,2026-04-22,57.2,58.9,54,56.71,64,4,4,TFG,
B2_PS1319_H_T10,B2_PS1319_H,2026-04-22,55.3,52.1,54,53.78,63.5,4,4,TFG,
B2_PS1319_H_T11,B2_PS1319_H,2026-04-22,55.3,56.9,53.8,55.33,59.4,4,4,TFG,
B2_PS1319_H_T12,B2_PS1319_H,2026-04-22,55.3,54.1,54.3,54.55,58.8,4,4,TFG,
B3_CCN51_L_T01,B3_CCN51_L,2026-04-22,46.3,45.6,44,45.29,64.6,3,2,TFG,
B3_CCN51_L_T02,B3_CCN51_L,2026-04-22,46.4,41.4,44.3,44.04,61.9,2,2,TFG,
B3_CCN51_L_T03,B3_CCN51_L,2026-04-22,45.4,42.7,36.7,41.6,53.3,3,2,TFG,
B3_CCN51_L_T04,B3_CCN51_L,2026-04-22,44,46.5,44.5,45,59.3,2,3,TFG,
B3_CCN51_L_T05,B3_CCN51_L,2026-04-22,49,46.9,44.8,46.9,55.6,3,3,TFG,
B3_CCN51_L_T06,B3_CCN51_L,2026-04-22,47.2,39.5,40.1,42.28,52.5,2,3,TFG,
B3_CCN51_L_T07,B3_CCN51_L,2026-04-22,41.1,44.1,41.5,42.21,57.7,1,3,TFG,
B3_CCN51_L_T08,B3_CCN51_L,2026-04-22,39.3,41.6,44.7,41.86,62.3,2,2,TFG,
B3_CCN51_L_T09,B3_CCN51_L,2026-04-22,46.5,46.6,43.1,45.38,62.5,2,3,TFG,
B3_CCN51_L_T10,B3_CCN51_L,2026-04-22,45.1,44.1,46.4,45.21,59.1,2,3,TFG,
B3_CCN51_L_T11,B3_CCN51_L,2026-04-22,42.4,41.7,42.8,42.32,61.2,3,2,TFG,
B3_CCN51_L_T12,B3_CCN51_L,2026-04-22,45.5,46.2,43.1,44.94,59.4,4,3,TFG,
B3_CCN51_M_T01,B3_CCN51_M,2026-04-22,47.5,48.7,52.3,49.52,63.8,5,3,TFG,
B3_CCN51_M_T02,B3_CCN51_M,2026-04-22,51.4,49.6,47.8,49.58,64.8,4,3,TFG,
B3_CCN51_M_T03,B3_CCN51_M,2026-04-22,51.8,49.5,47.9,49.7,59,4,3,TFG,
B3_CCN51_M_T04,B3_CCN51_M,2026-04-22,47.5,48.8,49.1,48.46,57.2,4,3,TFG,
B3_CCN51_M_T05,B3_CCN51_M,2026-04-22,53.9,52.7,47.4,51.34,58.3,3,3,TFG,
B3_CCN51_M_T06,B3_CCN51_M,2026-04-22,53.2,46.6,53.2,51.01,58.8,3,4,TFG,
B3_CCN51_M_T07,B3_CCN51_M,2026-04-22,49.4,49,45.4,47.92,62.1,3,4,TFG,
B3_CCN51_M_T08,B3_CCN51_M,2026-04-22,52.8,50.3,56.1,53.08,52.2,3,3,TFG,
B3_CCN51_M_T09,B3_CCN51_M,2026-04-22,53.4,51.9,48.5,51.25,55.3,3,4,TFG,
B3_CCN51_M_T10,B3_CCN51_M,2026-04-22,53.2,52.1,49.6,51.65,59.6,3,4,TFG,
B3_CCN51_M_T11,B3_CCN51_M,2026-04-22,56.1,54.4,48.2,52.92,59.1,3,3,TFG,
B3_CCN51_M_T12,B3_CCN51_M,2026-04-22,51.1,51.1,54.6,52.28,58.5,4,3,TFG,
B3_CCN51_H_T01,B3_CCN51_H,2026-04-22,53.2,55.5,59.3,56,63.5,3,4,TFG,
B3_CCN51_H_T02,B3_CCN51_H,2026-04-22,56.3,58.1,55.3,56.54,61.1,4,3,TFG,
B3_CCN51_H_T03,B3_CCN51_H,2026-04-22,55.8,56.8,53.8,55.47,68.8,4,4,TFG,
B3_CCN51_H_T04,B3_CCN51_H,2026-04-22,58.2,54.5,60.3,57.67,60.2,4,4,TFG,
B3_CCN51_H_T05,B3_CCN51_H,2026-04-22,60.6,59,59.3,59.65,65.4,4,3,TFG,
B3_CCN51_H_T06,B3_CCN51_H,2026-04-22,57.1,51.9,57.5,55.5,60.9,4,4,TFG,
B3_CCN51_H_T07,B3_CCN51_H,2026-04-22,52.9,56.1,58.2,55.75,60.4,4,3,TFG,
B3_CCN51_H_T08,B3_CCN51_H,2026-04-22,52.4,54.1,57.8,54.78,64.5,3,3,TFG,
B3_CCN51_H_T09,B3_CCN51_H,2026-04-22,55.2,54.3,56.2,55.24,67.1,4,3,TFG,
B3_CCN51_H_T10,B3_CCN51_H,2026-04-22,55,55.6,54.4,55.01,67.4,3,3,TFG,
B3_CCN51_H_T11,B3_CCN51_H,2026-04-22,53.4,60.9,56.4,56.91,65.2,5,4,TFG,
B3_CCN51_H_T12,B3_CCN51_H,2026-04-22,57.7,54.5,55.2,55.81,76.6,4,3,TFG,
B3_PS1319_L_T01,B3_PS1319_L,2026-04-22,45.6,46.1,40.9,44.2,49.4,3,3,TFG,
B3_PS1319_L_T02,B3_PS1319_L,2026-04-22,43.7,47.6,43.9,45.07,64.3,3,2,TFG,
B3_PS1319_L_T03,B3_PS1319_L,2026-04-22,45.6,47.7,46.5,46.59,56.3,3,3,TFG,
B3_PS1319_L_T04,B3_PS1319_L,2026-04-22,41,45.8,45,43.94,58,2,3,TFG,
B3_PS1319_L_T05,B3_PS1319_L,2026-04-22,44,47.3,41.8,44.36,48.9,2,2,TFG,
B3_PS1319_L_T06,B3_PS1319_L,2026-04-22,45.5,46,42.9,44.81,58.1,2,3,TFG,
B3_PS1319_L_T07,B3_PS1319_L,2026-04-22,44.2,44.8,44.2,44.4,50.7,3,3,TFG,
B3_PS1319_L_T08,B3_PS1319_L,2026-04-22,43.9,41.6,42.7,42.74,55.4,3,3,TFG,
B3_PS1319_L_T09,B3_PS1319_L,2026-04-22,45.5,44.1,45.7,45.13,59.9,3,4,TFG,
B3_PS1319_L_T10,B3_PS1319_L,2026-04-22,40.7,41.1,41.9,41.22,58.1,3,2,TFG,
B3_PS1319_L_T11,B3_PS1319_L,2026-04-22,46.2,48.4,39,44.54,68.3,3,3,TFG,
B3_PS1319_L_T12,B3_PS1319_L,2026-04-22,50,47.9,38.3,45.35,55.2,2,4,TFG,
B3_PS1319_M_T01,B3_PS1319_M,2026-04-22,52,56,47.8,51.92,50.1,3,3,TFG,
B3_PS1319_M_T02,B3_PS1319_M,2026-04-22,54.7,52.1,47.1,51.29,65.7,4,4,TFG,
B3_PS1319_M_T03,B3_PS1319_M,2026-04-22,51.9,51.6,51.8,51.8,56.6,3,4,TFG,
B3_PS1319_M_T04,B3_PS1319_M,2026-04-22,48,52.3,50,50.13,60.9,3,3,TFG,
B3_PS1319_M_T05,B3_PS1319_M,2026-04-22,50.7,54.4,53.7,52.94,56.3,5,3,TFG,
B3_PS1319_M_T06,B3_PS1319_M,2026-04-22,53.3,50.8,49.1,51.06,56.2,3,3,TFG,
B3_PS1319_M_T07,B3_PS1319_M,2026-04-22,51.1,48.6,53.7,51.12,59.7,4,3,TFG,
B3_PS1319_M_T08,B3_PS1319_M,2026-04-22,53.3,54.8,44.7,50.94,52.5,3,3,TFG,
B3_PS1319_M_T09,B3_PS1319_M,2026-04-22,52.7,50.8,50.5,51.34,59.5,3,3,TFG,
B3_PS1319_M_T10,B3_PS1319_M,2026-04-22,49.8,53.8,50.4,51.35,63.4,3,3,TFG,
B3_PS1319_M_T11,B3_PS1319_M,2026-04-22,53.4,51.9,51.3,52.21,51.6,4,3,TFG,
B3_PS1319_M_T12,B3_PS1319_M,2026-04-22,49.8,55.7,51.5,52.33,49.2,3,3,TFG,
B3_PS1319_H_T01,B3_PS1319_H,2026-04-22,55.1,57.8,54.9,55.91,60.6,3,4,TFG,
B3_PS1319_H_T02,B3_PS1319_H,2026-04-22,58,56.5,56.6,57.04,54.3,3,5,TFG,
B3_PS1319_H_T03,B3_PS1319_H,2026-04-22,58.8,56.5,54.6,56.63,66.5,4,4,TFG,
B3_PS1319_H_T04,B3_PS1319_H,2026-04-22,58,58.3,55.9,57.39,63.6,3,4,TFG,
B3_PS1319_H_T05,B3_PS1319_H,2026-04-22,50.9,55.1,56.1,54.05,59.6,3,4,TFG,
B3_PS1319_H_T06,B3_PS1319_H,2026-04-22,59.8,54.5,58.5,57.6,54.5,3,3,TFG,
B3_PS1319_H_T07,B3_PS1319_H,2026-04-22,54.8,60.1,59.4,58.11,58.1,3,4,TFG,
B3_PS1319_H_T08,B3_PS1319_H,2026-04-22,59.7,53.6,53.9,55.73,66.4,4,3,TFG,
B3_PS1319_H_T09,B3_PS1319_H,2026-04-22,56.5,56.7,56.4,56.54,65.5,4,4,TFG,
B3_PS1319_H_T10,B3_PS1319_H,2026-04-22,56.6,56.4,58.3,57.08,61.3,4,4,TFG,
B3_PS1319_H_T11,B3_PS1319_H,2026-04-22,59.2,54,51.5,54.92,62.9,4,3,TFG,
B3_PS1319_H_T12,B3_PS1319_H,2026-04-22,51.6,57.1,59.4,56.01,58.2,2,4,TFG,
B4_CCN51_L_T01,B4_CCN51_L,2026-04-22,46.5,42.4,42.5,43.82,63.7,2,3,TFG,
B4_CCN51_L_T02,B4_CCN51_L,2026-04-22,44.2,44.5,42.8,43.84,68.8,4,3,TFG,
B4_CCN51_L_T03,B4_CCN51_L,2026-04-22,44.7,47.2,42.4,44.77,59.6,2,2,TFG,
B4_CCN51_L_T04,B4_CCN51_L,2026-04-22,44.5,40.6,44.1,43.09,53.3,2,3,TFG,
B4_CCN51_L_T05,B4_CCN51_L,2026-04-22,42.2,42.3,46.6,43.7,62.6,2,3,TFG,
B4_CCN51_L_T06,B4_CCN51_L,2026-04-22,43.5,41.3,43.7,42.85,60.9,2,3,TFG,
B4_CCN51_L_T07,B4_CCN51_L,2026-04-22,45.1,41.8,39.3,42.07,52.5,2,2,TFG,
B4_CCN51_L_T08,B4_CCN51_L,2026-04-22,41.9,46.6,48.8,45.76,55.9,2,3,TFG,
B4_CCN51_L_T09,B4_CCN51_L,2026-04-22,43,39.9,41.7,41.54,58.5,3,2,TFG,
B4_CCN51_L_T10,B4_CCN51_L,2026-04-22,46,40.8,45.8,44.19,57.2,2,2,TFG,
B4_CCN51_L_T11,B4_CCN51_L,2026-04-22,43,45.9,39.7,42.84,53.9,2,2,TFG,
B4_CCN51_L_T12,B4_CCN51_L,2026-04-22,40.9,42.7,46.4,43.34,59.9,2,3,TFG,
B4_CCN51_M_T01,B4_CCN51_M,2026-04-22,48.1,44.6,48.2,46.96,58.4,3,3,TFG,
B4_CCN51_M_T02,B4_CCN51_M,2026-04-22,53,50.5,49.5,50.99,56.3,4,3,TFG,
B4_CCN51_M_T03,B4_CCN51_M,2026-04-22,47.9,57.6,46.8,50.76,56.3,3,3,TFG,
B4_CCN51_M_T04,B4_CCN51_M,2026-04-22,48.4,54.5,49.6,50.84,69.7,2,4,TFG,
B4_CCN51_M_T05,B4_CCN51_M,2026-04-22,47.9,49.9,54.9,50.91,62.4,4,3,TFG,
B4_CCN51_M_T06,B4_CCN51_M,2026-04-22,50.8,51.7,51.5,51.35,60.7,2,3,TFG,
B4_CCN51_M_T07,B4_CCN51_M,2026-04-22,55.3,49.9,51.1,52.08,62.4,3,4,TFG,
B4_CCN51_M_T08,B4_CCN51_M,2026-04-22,53.3,52.4,50.8,52.18,64.7,2,3,TFG,
B4_CCN51_M_T09,B4_CCN51_M,2026-04-22,49.6,51.3,47.9,49.61,63.9,3,4,TFG,
B4_CCN51_M_T10,B4_CCN51_M,2026-04-22,51.5,54.4,48,51.31,61,3,4,TFG,
B4_CCN51_M_T11,B4_CCN51_M,2026-04-22,47.4,49.7,54.5,50.52,57.1,3,3,TFG,
B4_CCN51_M_T12,B4_CCN51_M,2026-04-22,50.7,53,51.6,51.78,69,3,3,TFG,
B4_CCN51_H_T01,B4_CCN51_H,2026-04-22,53.5,49.1,53.8,52.15,61.4,3,4,TFG,
B4_CCN51_H_T02,B4_CCN51_H,2026-04-22,52.5,51.7,55,53.08,70.9,3,3,TFG,
B4_CCN51_H_T03,B4_CCN51_H,2026-04-22,55.3,49.7,51.9,52.26,68.8,3,4,TFG,
B4_CCN51_H_T04,B4_CCN51_H,2026-04-22,51.1,50.8,55.4,52.46,63.2,3,4,TFG,
B4_CCN51_H_T05,B4_CCN51_H,2026-04-22,49.5,52.2,56,52.56,61.1,4,3,TFG,
B4_CCN51_H_T06,B4_CCN51_H,2026-04-22,52.5,58.8,54.5,55.26,59.9,4,5,TFG,
B4_CCN51_H_T07,B4_CCN51_H,2026-04-22,49.4,56.1,53.1,52.87,61.5,4,4,TFG,
B4_CCN51_H_T08,B4_CCN51_H,2026-04-22,52.1,52.8,54.6,53.18,64,3,3,TFG,
B4_CCN51_H_T09,B4_CCN51_H,2026-04-22,53.3,55.9,51.7,53.65,66.1,3,4,TFG,
B4_CCN51_H_T10,B4_CCN51_H,2026-04-22,55.8,51.4,51.3,52.85,54.2,3,4,TFG,
B4_CCN51_H_T11,B4_CCN51_H,2026-04-22,56,56.8,52.6,55.12,65.6,4,4,TFG,
B4_CCN51_H_T12,B4_CCN51_H,2026-04-22,53.4,50.1,52.9,52.16,58.8,4,4,TFG,
B4_PS1319_L_T01,B4_PS1319_L,2026-04-22,42.8,41.5,46.5,43.61,64,3,3,TFG,
B4_PS1319_L_T02,B4_PS1319_L,2026-04-22,43.5,45.6,46.4,45.19,55.6,3,2,TFG,
B4_PS1319_L_T03,B4_PS1319_L,2026-04-22,42.7,43.2,41.1,42.35,58.5,2,2,TFG,
B4_PS1319_L_T04,B4_PS1319_L,2026-04-22,47.3,45.9,43.8,45.68,49.7,2,3,TFG,
B4_PS1319_L_T05,B4_PS1319_L,2026-04-22,46.8,41.9,43.5,44.03,58.5,2,3,TFG,
B4_PS1319_L_T06,B4_PS1319_L,2026-04-22,44.4,41.6,41.6,42.56,47.8,2,3,TFG,
B4_PS1319_L_T07,B4_PS1319_L,2026-04-22,42,41.1,45.1,42.73,40.3,3,3,TFG,
B4_PS1319_L_T08,B4_PS1319_L,2026-04-22,45.5,51.2,44.6,47.13,53.5,2,3,TFG,
B4_PS1319_L_T09,B4_PS1319_L,2026-04-22,36.7,46.6,45.2,42.85,50,2,2,TFG,
B4_PS1319_L_T10,B4_PS1319_L,2026-04-22,46,48.3,45.7,46.68,58.2,2,2,TFG,
B4_PS1319_L_T11,B4_PS1319_L,2026-04-22,40.9,47.7,46,44.85,51.8,1,3,TFG,
B4_PS1319_L_T12,B4_PS1319_L,2026-04-22,49.4,49.1,42.3,46.97,68,2,3,TFG,
B4_PS1319_M_T01,B4_PS1319_M,2026-04-22,48.3,55.6,51.3,51.74,50.7,3,3,TFG,
B4_PS1319_M_T02,B4_PS1319_M,2026-04-22,46.7,51.2,53.1,50.33,55.3,3,3,TFG,
B4_PS1319_M_T03,B4_PS1319_M,2026-04-22,51.1,50.8,49.5,50.44,53.3,3,3,TFG,
B4_PS1319_M_T04,B4_PS1319_M,2026-04-22,49.7,50.1,51.6,50.47,48.1,4,4,TFG,
B4_PS1319_M_T05,B4_PS1319_M,2026-04-22,52.3,51.6,46.6,50.17,64.5,3,4,TFG,
B4_PS1319_M_T06,B4_PS1319_M,2026-04-22,51.6,48.7,50.5,50.27,60,5,4,TFG,
B4_PS1319_M_T07,B4_PS1319_M,2026-04-22,50,44.7,48.3,47.67,56.9,3,2,TFG,
B4_PS1319_M_T08,B4_PS1319_M,2026-04-22,51.5,43.4,53.4,49.46,63.5,2,2,TFG,
B4_PS1319_M_T09,B4_PS1319_M,2026-04-22,50.4,53.3,53,52.2,60.9,2,3,TFG,
B4_PS1319_M_T10,B4_PS1319_M,2026-04-22,51.3,48.6,50.2,50.02,57.4,1,4,TFG,
B4_PS1319_M_T11,B4_PS1319_M,2026-04-22,52.6,46.5,52.8,50.65,62.2,3,3,TFG,
B4_PS1319_M_T12,B4_PS1319_M,2026-04-22,48.8,47,49.1,48.31,58.4,3,3,TFG,
B4_PS1319_H_T01,B4_PS1319_H,2026-04-22,51.1,55.7,55.4,54.07,58,4,3,TFG,
B4_PS1319_H_T02,B4_PS1319_H,2026-04-22,51.9,50.3,53.4,51.87,49.3,3,4,TFG,
B4_PS1319_H_T03,B4_PS1319_H,2026-04-22,55.1,53.7,51.5,53.4,52.7,3,4,TFG,
B4_PS1319_H_T04,B4_PS1319_H,2026-04-22,50.3,49.5,52.9,50.91,55.4,3,3,TFG,
B4_PS1319_H_T05,B4_PS1319_H,2026-04-22,56.4,54.3,53.5,54.72,61.1,4,3,TFG,
B4_PS1319_H_T06,B4_PS1319_H,2026-04-22,52.5,52.4,56.8,53.89,54.2,3,3,TFG,
B4_PS1319_H_T07,B4_PS1319_H,2026-04-22,54.4,56,56.6,55.64,56.1,3,4,TFG,
B4_PS1319_H_T08,B4_PS1319_H,2026-04-22,54.4,58.1,53.6,55.36,65.1,3,4,TFG,
B4_PS1319_H_T09,B4_PS1319_H,2026-04-22,54.1,52,50.2,52.08,55.1,3,2,TFG,
B4_PS1319_H_T10,B4_PS1319_H,2026-04-22,58.3,52.8,53.7,54.92,55.6,4,4,TFG,
B4_PS1319_H_T11,B4_PS1319_H,2026-04-22,53.4,54.6,52.9,53.65,63.9,4,4,TFG,
B4_PS1319_H_T12,B4_PS1319_H,2026-04-22,55.7,50.9,63.4,56.69,63,4,4,TFG,
B5_CCN51_L_T01,B5_CCN51_L,2026-04-22,45.3,41.9,42.1,43.12,65.8,3,3,TFG,
B5_CCN51_L_T02,B5_CCN51_L,2026-04-22,43.8,44,43.2,43.68,62.4,2,2,TFG,
B5_CCN51_L_T03,B5_CCN51_L,2026-04-22,46.4,38.9,45.4,43.6,55,3,3,TFG,
B5_CCN51_L_T04,B5_CCN51_L,2026-04-22,41.8,43.4,43.6,42.92,56.5,3,3,TFG,
B5_CCN51_L_T05,B5_CCN51_L,2026-04-22,45.1,48.7,39.6,44.48,57.8,3,4,TFG,
B5_CCN51_L_T06,B5_CCN51_L,2026-04-22,47.2,43.2,42.5,44.31,65.8,3,4,TFG,
B5_CCN51_L_T07,B5_CCN51_L,2026-04-22,38.2,44.9,40.5,41.23,50.7,2,3,TFG,
B5_CCN51_L_T08,B5_CCN51_L,2026-04-22,43.6,40.6,45.1,43.13,59.2,2,2,TFG,
B5_CCN51_L_T09,B5_CCN51_L,2026-04-22,40.3,42.6,44.9,42.6,67.2,3,3,TFG,
B5_CCN51_L_T10,B5_CCN51_L,2026-04-22,42.3,42.8,42.9,42.66,60.2,3,2,TFG,
B5_CCN51_L_T11,B5_CCN51_L,2026-04-22,42.8,44.1,48,44.95,58.4,2,3,TFG,
B5_CCN51_L_T12,B5_CCN51_L,2026-04-22,40.7,45.6,42,42.76,60.9,4,3,TFG,
B5_CCN51_M_T01,B5_CCN51_M,2026-04-22,55.3,57.7,51.3,54.77,63.4,4,3,TFG,
B5_CCN51_M_T02,B5_CCN51_M,2026-04-22,56.9,52.3,46.7,51.95,62.5,4,4,TFG,
B5_CCN51_M_T03,B5_CCN51_M,2026-04-22,57.3,51.2,54.4,54.3,68,3,3,TFG,
B5_CCN51_M_T04,B5_CCN51_M,2026-04-22,53,52.4,50.5,51.96,62.5,3,4,TFG,
B5_CCN51_M_T05,B5_CCN51_M,2026-04-22,55,52.9,56.7,54.86,58.7,4,4,TFG,
B5_CCN51_M_T06,B5_CCN51_M,2026-04-22,55.6,54.6,49.2,53.13,58.9,3,3,TFG,
B5_CCN51_M_T07,B5_CCN51_M,2026-04-22,51.9,51.9,52.2,52,56.7,3,4,TFG,
B5_CCN51_M_T08,B5_CCN51_M,2026-04-22,50.6,45.5,57.6,51.23,58.3,3,3,TFG,
B5_CCN51_M_T09,B5_CCN51_M,2026-04-22,54.4,55.3,55.2,54.96,64.9,3,4,TFG,
B5_CCN51_M_T10,B5_CCN51_M,2026-04-22,49.1,55.7,52.5,52.42,57.4,5,3,TFG,
B5_CCN51_M_T11,B5_CCN51_M,2026-04-22,50,52.8,50.5,51.1,64.7,3,4,TFG,
B5_CCN51_M_T12,B5_CCN51_M,2026-04-22,53.8,56.7,51.1,53.86,50.4,4,4,TFG,
B5_CCN51_H_T01,B5_CCN51_H,2026-04-22,54.5,59.2,58.2,57.32,67.1,4,4,TFG,
B5_CCN51_H_T02,B5_CCN51_H,2026-04-22,52.2,57.1,60.2,56.52,67.7,5,4,TFG,
B5_CCN51_H_T03,B5_CCN51_H,2026-04-22,58.6,55.2,54.4,56.09,56.3,3,4,TFG,
B5_CCN51_H_T04,B5_CCN51_H,2026-04-22,57,51.8,59.3,56.04,67.7,4,4,TFG,
B5_CCN51_H_T05,B5_CCN51_H,2026-04-22,54.5,58.2,57.5,56.74,58.4,4,3,TFG,
B5_CCN51_H_T06,B5_CCN51_H,2026-04-22,59.5,52.8,57.9,56.74,76.6,4,4,TFG,
B5_CCN51_H_T07,B5_CCN51_H,2026-04-22,58.9,55.9,52.9,55.9,62.9,4,4,TFG,
B5_CCN51_H_T08,B5_CCN51_H,2026-04-22,57.9,57.7,59.2,58.26,60.5,3,4,TFG,
B5_CCN51_H_T09,B5_CCN51_H,2026-04-22,57.2,56.9,56.9,56.97,63.9,3,5,TFG,
B5_CCN51_H_T10,B5_CCN51_H,2026-04-22,52,54.9,55.9,54.27,63.8,4,4,TFG,
B5_CCN51_H_T11,B5_CCN51_H,2026-04-22,57.6,55.8,53.7,55.72,70.1,4,4,TFG,
B5_CCN51_H_T12,B5_CCN51_H,2026-04-22,56.2,52.6,56.6,55.14,60.9,3,4,TFG,
B5_PS1319_L_T01,B5_PS1319_L,2026-04-22,47.8,46.6,43.1,45.84,58.9,2,3,TFG,
B5_PS1319_L_T02,B5_PS1319_L,2026-04-22,47.6,43.9,47.6,46.39,60.7,3,3,TFG,
B5_PS1319_L_T03,B5_PS1319_L,2026-04-22,44.3,44.9,48,45.69,51.5,2,2,TFG,
B5_PS1319_L_T04,B5_PS1319_L,2026-04-22,42.9,43.1,43.2,43.06,57,2,3,TFG,
B5_PS1319_L_T05,B5_PS1319_L,2026-04-22,42.2,48.1,43,44.47,49.7,2,3,TFG,
B5_PS1319_L_T06,B5_PS1319_L,2026-04-22,43.1,46.3,49.1,46.16,53.9,1,3,TFG,
B5_PS1319_L_T07,B5_PS1319_L,2026-04-22,43.6,50.7,45.8,46.74,61.8,4,3,TFG,
B5_PS1319_L_T08,B5_PS1319_L,2026-04-22,40.9,46.8,43.8,43.83,63.2,4,3,TFG,
B5_PS1319_L_T09,B5_PS1319_L,2026-04-22,45.6,43.6,43.2,44.13,63,2,2,TFG,
B5_PS1319_L_T10,B5_PS1319_L,2026-04-22,46.8,45.4,46.3,46.17,59.8,4,3,TFG,
B5_PS1319_L_T11,B5_PS1319_L,2026-04-22,47.5,49,46.7,47.71,63.4,4,3,TFG,
B5_PS1319_L_T12,B5_PS1319_L,2026-04-22,47,44.6,50.1,47.22,56.6,3,3,TFG,
B5_PS1319_M_T01,B5_PS1319_M,2026-04-22,52.3,53.7,48.6,51.54,62.9,4,4,TFG,
B5_PS1319_M_T02,B5_PS1319_M,2026-04-22,48.4,50.5,48.9,49.25,63.5,4,3,TFG,
B5_PS1319_M_T03,B5_PS1319_M,2026-04-22,53.4,47.6,46.2,49.08,65.9,3,3,TFG,
B5_PS1319_M_T04,B5_PS1319_M,2026-04-22,52.4,51.9,53.3,52.53,69,3,4,TFG,
B5_PS1319_M_T05,B5_PS1319_M,2026-04-22,53.8,51.3,49.9,51.64,61.5,3,4,TFG,
B5_PS1319_M_T06,B5_PS1319_M,2026-04-22,51.9,50.9,54,52.26,66.2,3,3,TFG,
B5_PS1319_M_T07,B5_PS1319_M,2026-04-22,54.8,52.6,51.9,53.1,62.9,3,4,TFG,
B5_PS1319_M_T08,B5_PS1319_M,2026-04-22,54.2,57.2,52.4,54.59,54.9,4,4,TFG,
B5_PS1319_M_T09,B5_PS1319_M,2026-04-22,50.8,50.7,46.3,49.28,59.5,4,4,TFG,
B5_PS1319_M_T10,B5_PS1319_M,2026-04-22,52,50,48.4,50.12,59.4,3,4,TFG,
B5_PS1319_M_T11,B5_PS1319_M,2026-04-22,55.3,53.2,53.8,54.09,55.9,4,4,TFG,
B5_PS1319_M_T12,B5_PS1319_M,2026-04-22,54.1,52.5,50.9,52.5,64,4,4,TFG,
B5_PS1319_H_T01,B5_PS1319_H,2026-04-22,52.4,52.5,54.2,53,61.3,4,3,TFG,
B5_PS1319_H_T02,B5_PS1319_H,2026-04-22,54.7,55.4,54.4,54.84,49.1,3,3,TFG,
B5_PS1319_H_T03,B5_PS1319_H,2026-04-22,51.4,52.3,52.1,51.94,64.5,4,4,TFG,
B5_PS1319_H_T04,B5_PS1319_H,2026-04-22,54.4,53.6,50.5,52.83,56.3,4,3,TFG,
B5_PS1319_H_T05,B5_PS1319_H,2026-04-22,52.4,52.5,50.4,51.75,56.5,3,4,TFG,
B5_PS1319_H_T06,B5_PS1319_H,2026-04-22,52.9,56.7,50.6,53.39,54.6,3,4,TFG,
B5_PS1319_H_T07,B5_PS1319_H,2026-04-22,52.3,54.9,53.3,53.51,54.9,4,4,TFG,
B5_PS1319_H_T08,B5_PS1319_H,2026-04-22,52.7,58.1,54,54.95,60.2,3,4,TFG,
B5_PS1319_H_T09,B5_PS1319_H,2026-04-22,51.9,51.8,53.9,52.54,56.9,4,4,TFG,
B5_PS1319_H_T10,B5_PS1319_H,2026-04-22,54,50.1,57,53.69,65.3,3,4,TFG,
B5_PS1319_H_T11,B5_PS1319_H,2026-04-22,54.9,51.3,53,53.07,63,3,5,TFG,
B5_PS1319_H_T12,B5_PS1319_H,2026-04-22,52.4,55.3,52.6,53.45,53,2,4,TFG,
B6_CCN51_L_T01,B6_CCN51_L,2026-04-22,47,45.3,46.4,46.22,58.8,2,3,TFG,
B6_CCN51_L_T02,B6_CCN51_L,2026-04-22,45.8,48.3,48,47.33,63.1,3,3,TFG,
B6_CCN51_L_T03,B6_CCN51_L,2026-04-22,47.8,46.6,45,46.48,59.2,2,3,TFG,
B6_CCN51_L_T04,B6_CCN51_L,2026-04-22,45.1,40.9,44,43.36,55.7,2,3,TFG,
B6_CCN51_L_T05,B6_CCN51_L,2026-04-22,47.1,46.1,46.1,46.41,64.4,3,4,TFG,
B6_CCN51_L_T06,B6_CCN51_L,2026-04-22,46.9,44,46.1,45.68,53.4,2,2,TFG,
B6_CCN51_L_T07,B6_CCN51_L,2026-04-22,42.5,42.9,43.5,42.98,58.3,3,4,TFG,
B6_CCN51_L_T08,B6_CCN51_L,2026-04-22,43.2,46.5,41.7,43.83,56.8,3,4,TFG,
B6_CCN51_L_T09,B6_CCN51_L,2026-04-22,43.6,47.8,48,46.45,76.9,3,3,TFG,
B6_CCN51_L_T10,B6_CCN51_L,2026-04-22,48.3,44,45.3,45.85,60.6,3,3,TFG,
B6_CCN51_L_T11,B6_CCN51_L,2026-04-22,47.1,46.7,46.6,46.81,61.2,3,3,TFG,
B6_CCN51_L_T12,B6_CCN51_L,2026-04-22,51.1,43.4,44.1,46.21,54.9,3,3,TFG,
B6_CCN51_M_T01,B6_CCN51_M,2026-04-22,53.1,55.9,56.1,55.05,67.8,3,3,TFG,
B6_CCN51_M_T02,B6_CCN51_M,2026-04-22,56.7,57.2,57.2,57.03,61.1,4,3,TFG,
B6_CCN51_M_T03,B6_CCN51_M,2026-04-22,55.5,54.8,53.4,54.6,57.1,3,4,TFG,
B6_CCN51_M_T04,B6_CCN51_M,2026-04-22,57.7,57.8,55.4,56.98,69.8,3,4,TFG,
B6_CCN51_M_T05,B6_CCN51_M,2026-04-22,54,53.8,53.7,53.83,65.9,3,3,TFG,
B6_CCN51_M_T06,B6_CCN51_M,2026-04-22,57.7,51.9,55.7,55.12,71.8,5,4,TFG,
B6_CCN51_M_T07,B6_CCN51_M,2026-04-22,58.8,56.4,55.9,57.03,70.4,3,4,TFG,
B6_CCN51_M_T08,B6_CCN51_M,2026-04-22,53.9,57.5,58.5,56.64,66.4,3,4,TFG,
B6_CCN51_M_T09,B6_CCN51_M,2026-04-22,63,55.4,59.2,59.18,55.7,3,3,TFG,
B6_CCN51_M_T10,B6_CCN51_M,2026-04-22,52.3,58.2,56.9,55.8,56.6,4,5,TFG,
B6_CCN51_M_T11,B6_CCN51_M,2026-04-22,50,56.6,55.2,53.95,71.8,3,4,TFG,
B6_CCN51_M_T12,B6_CCN51_M,2026-04-22,51.7,54.1,53.7,53.15,62.2,3,4,TFG,
B6_CCN51_H_T01,B6_CCN51_H,2026-04-22,54.6,50.7,56.6,53.96,66.3,4,4,TFG,
B6_CCN51_H_T02,B6_CCN51_H,2026-04-22,58.6,50.6,58.1,55.78,71.2,4,4,TFG,
B6_CCN51_H_T03,B6_CCN51_H,2026-04-22,57.6,54,54.3,55.29,69.3,4,4,TFG,
B6_CCN51_H_T04,B6_CCN51_H,2026-04-22,54.6,57,54.2,55.28,57.3,4,4,TFG,
B6_CCN51_H_T05,B6_CCN51_H,2026-04-22,53.8,51.6,55.6,53.66,65.4,3,4,TFG,
B6_CCN51_H_T06,B6_CCN51_H,2026-04-22,62,51,52.5,55.17,53.1,5,4,TFG,
B6_CCN51_H_T07,B6_CCN51_H,2026-04-22,56,61.2,57.1,58.13,62.7,4,4,TFG,
B6_CCN51_H_T08,B6_CCN51_H,2026-04-22,56.6,57.1,54.4,56.02,64.5,3,4,TFG,
B6_CCN51_H_T09,B6_CCN51_H,2026-04-22,62.6,55.6,53.6,57.24,73.3,4,3,TFG,
B6_CCN51_H_T10,B6_CCN51_H,2026-04-22,55.9,55.5,56,55.82,66.4,4,4,TFG,
B6_CCN51_H_T11,B6_CCN51_H,2026-04-22,56.8,56.6,54.7,56.02,61.8,3,5,TFG,
B6_CCN51_H_T12,B6_CCN51_H,2026-04-22,56.5,56,60.1,57.53,65.2,3,4,TFG,
B6_PS1319_L_T01,B6_PS1319_L,2026-04-22,44,49.2,45.4,46.21,60.6,2,3,TFG,
B6_PS1319_L_T02,B6_PS1319_L,2026-04-22,40.9,44.9,47.7,44.48,64.2,1,2,TFG,
B6_PS1319_L_T03,B6_PS1319_L,2026-04-22,48.2,43.2,44.9,45.46,51,3,3,TFG,
B6_PS1319_L_T04,B6_PS1319_L,2026-04-22,47.1,41,48.2,45.43,63.1,3,2,TFG,
B6_PS1319_L_T05,B6_PS1319_L,2026-04-22,49.3,44.1,47.4,46.94,59.9,3,3,TFG,
B6_PS1319_L_T06,B6_PS1319_L,2026-04-22,49.8,49.3,41.6,46.92,58.4,2,2,TFG,
B6_PS1319_L_T07,B6_PS1319_L,2026-04-22,43.3,46.7,43.8,44.58,56.9,1,2,TFG,
B6_PS1319_L_T08,B6_PS1319_L,2026-04-22,44,43.9,46.3,44.74,59.6,3,4,TFG,
B6_PS1319_L_T09,B6_PS1319_L,2026-04-22,44.3,44.4,46.5,45.05,58.8,3,3,TFG,
B6_PS1319_L_T10,B6_PS1319_L,2026-04-22,49,50,42.8,47.29,59.3,2,4,TFG,
B6_PS1319_L_T11,B6_PS1319_L,2026-04-22,46.5,45.2,42.6,44.76,63.9,3,4,TFG,
B6_PS1319_L_T12,B6_PS1319_L,2026-04-22,45.3,44.7,43.7,44.56,62.4,3,3,TFG,
B6_PS1319_M_T01,B6_PS1319_M,2026-04-22,56.9,56.4,53.5,55.59,63,5,4,TFG,
B6_PS1319_M_T02,B6_PS1319_M,2026-04-22,54.2,50.4,50.9,51.86,53.6,3,3,TFG,
B6_PS1319_M_T03,B6_PS1319_M,2026-04-22,51.8,55.8,54.5,54.03,56.2,4,4,TFG,
B6_PS1319_M_T04,B6_PS1319_M,2026-04-22,52.8,55.3,52.5,53.52,61.3,3,4,TFG,
B6_PS1319_M_T05,B6_PS1319_M,2026-04-22,52.9,56.5,53.3,54.25,61.3,4,3,TFG,
B6_PS1319_M_T06,B6_PS1319_M,2026-04-22,56.5,55.4,50.6,54.13,60.9,3,4,TFG,
B6_PS1319_M_T07,B6_PS1319_M,2026-04-22,56.3,51.8,53.9,54.01,68.5,3,4,TFG,
B6_PS1319_M_T08,B6_PS1319_M,2026-04-22,51.7,53.1,52.7,52.51,58,4,3,TFG,
B6_PS1319_M_T09,B6_PS1319_M,2026-04-22,52.4,57.2,53.8,54.47,52.4,4,4,TFG,
B6_PS1319_M_T10,B6_PS1319_M,2026-04-22,52.8,54,55.7,54.17,61.4,4,4,TFG,
B6_PS1319_M_T11,B6_PS1319_M,2026-04-22,56.1,52,53.2,53.75,57.4,3,4,TFG,
B6_PS1319_M_T12,B6_PS1319_M,2026-04-22,52.5,52.4,54.5,53.15,51.9,3,3,TFG,
B6_PS1319_H_T01,B6_PS1319_H,2026-04-22,56.8,64.5,58.3,59.85,62,4,4,TFG,
B6_PS1319_H_T02,B6_PS1319_H,2026-04-22,55.7,60,60.8,58.84,63.1,3,4,TFG,
B6_PS1319_H_T03,B6_PS1319_H,2026-04-22,55.1,54,54.4,54.5,64.3,4,3,TFG,
B6_PS1319_H_T04,B6_PS1319_H,2026-04-22,52.8,58.8,57.3,56.28,61.1,3,4,TFG,
B6_PS1319_H_T05,B6_PS1319_H,2026-04-22,51.7,60.2,59.3,57.06,66.6,4,5,TFG,
B6_PS1319_H_T06,B6_PS1319_H,2026-04-22,60.5,58.3,52.7,57.18,64.6,2,3,TFG,
B6_PS1319_H_T07,B6_PS1319_H,2026-04-22,59.8,57.2,58.6,58.52,65.3,4,4,TFG,
B6_PS1319_H_T08,B6_PS1319_H,2026-04-22,60.3,57.5,58.3,58.71,57.3,4,4,TFG,
B6_PS1319_H_T09,B6_PS1319_H,2026-04-22,52.5,60.3,56,56.29,62.7,4,4,TFG,
B6_PS1319_H_T10,B6_PS1319_H,2026-04-22,59,57.6,55.3,57.28,60.4,4,5,TFG,
B6_PS1319_H_T11,B6_PS1319_H,2026-04-22,56,54.9,57.1,55.98,68.6,3,4,TFG,
B6_PS1319_H_T12,B6_PS1319_H,2026-04-22,55.8,58.8,56.1,56.92,66.9,4,3,TFG,
B7_CCN51_L_T01,B7_CCN51_L,2026-04-22,44.9,43,45.1,44.35,60.6,3,3,TFG,
B7_CCN51_L_T02,B7_CCN51_L,2026-04-22,44.9,41.4,40.8,42.35,58.9,3,3,TFG,
B7_CCN51_L_T03,B7_CCN51_L,2026-04-22,41.9,41.4,42.5,41.93,52.9,3,4,TFG,
B7_CCN51_L_T04,B7_CCN51_L,2026-04-22,39.5,44.1,46.3,43.3,53.2,3,3,TFG,
B7_CCN51_L_T05,B7_CCN51_L,2026-04-22,43.3,44.7,42.5,43.49,60.1,4,4,TFG,
B7_CCN51_L_T06,B7_CCN51_L,2026-04-22,44.5,42.5,44.3,43.77,64,2,3,TFG,
B7_CCN51_L_T07,B7_CCN51_L,2026-04-22,35.2,43.2,44.9,41.13,53,3,3,TFG,
B7_CCN51_L_T08,B7_CCN51_L,2026-04-22,47.8,43.7,46,45.83,60.1,2,3,TFG,
B7_CCN51_L_T09,B7_CCN51_L,2026-04-22,43.1,41.3,45.6,43.35,54,4,3,TFG,
B7_CCN51_L_T10,B7_CCN51_L,2026-04-22,42.6,44.1,41.6,42.78,68,3,3,TFG,
B7_CCN51_L_T11,B7_CCN51_L,2026-04-22,43.3,46.7,46.6,45.52,60.7,2,3,TFG,
B7_CCN51_L_T12,B7_CCN51_L,2026-04-22,44.6,46.2,43.2,44.66,48.9,3,3,TFG,
B7_CCN51_M_T01,B7_CCN51_M,2026-04-22,55.7,56.7,53.9,55.43,63.9,4,4,TFG,
B7_CCN51_M_T02,B7_CCN51_M,2026-04-22,57.9,55.5,56.5,56.66,68.2,3,4,TFG,
B7_CCN51_M_T03,B7_CCN51_M,2026-04-22,54.9,52.7,53.3,53.62,66.1,3,3,TFG,
B7_CCN51_M_T04,B7_CCN51_M,2026-04-22,56.8,52.9,54.5,54.73,59,3,3,TFG,
B7_CCN51_M_T05,B7_CCN51_M,2026-04-22,51.4,54.6,49.7,51.92,67,4,4,TFG,
B7_CCN51_M_T06,B7_CCN51_M,2026-04-22,52.7,54.3,54.7,53.91,62,4,4,TFG,
B7_CCN51_M_T07,B7_CCN51_M,2026-04-22,52.7,54.4,53.8,53.62,64,2,4,TFG,
B7_CCN51_M_T08,B7_CCN51_M,2026-04-22,51.8,55.3,55.8,54.27,52.6,3,4,TFG,
B7_CCN51_M_T09,B7_CCN51_M,2026-04-22,55.2,55.1,57.4,55.91,62.5,3,4,TFG,
B7_CCN51_M_T10,B7_CCN51_M,2026-04-22,53.8,57,54.4,55.03,63.5,4,4,TFG,
B7_CCN51_M_T11,B7_CCN51_M,2026-04-22,56.6,55.9,57,56.49,58.4,3,3,TFG,
B7_CCN51_M_T12,B7_CCN51_M,2026-04-22,57.8,58.2,57.3,57.79,73.6,4,3,TFG,
B7_CCN51_H_T01,B7_CCN51_H,2026-04-22,55.9,55.4,52.3,54.53,66.6,4,3,TFG,
B7_CCN51_H_T02,B7_CCN51_H,2026-04-22,51.8,58.8,60.3,56.95,59.4,4,4,TFG,
B7_CCN51_H_T03,B7_CCN51_H,2026-04-22,58.2,58.4,50.7,55.75,62.1,4,4,TFG,
B7_CCN51_H_T04,B7_CCN51_H,2026-04-22,53.2,53.4,56.9,54.48,70.6,5,4,TFG,
B7_CCN51_H_T05,B7_CCN51_H,2026-04-22,56.7,56.3,52.4,55.13,69.1,4,4,TFG,
B7_CCN51_H_T06,B7_CCN51_H,2026-04-22,59.2,55.7,55.4,56.79,65.7,3,4,TFG,
B7_CCN51_H_T07,B7_CCN51_H,2026-04-22,54.9,49.5,49.9,51.44,73.1,4,4,TFG,
B7_CCN51_H_T08,B7_CCN51_H,2026-04-22,52.1,55.6,57.3,54.98,68.6,4,4,TFG,
B7_CCN51_H_T09,B7_CCN51_H,2026-04-22,56.1,51.5,53.4,53.68,59.8,3,3,TFG,
B7_CCN51_H_T10,B7_CCN51_H,2026-04-22,54.1,54.8,56.1,55.01,69,3,4,TFG,
B7_CCN51_H_T11,B7_CCN51_H,2026-04-22,55.2,53,58.7,55.67,64.5,4,4,TFG,
B7_CCN51_H_T12,B7_CCN51_H,2026-04-22,55,58.1,52,55.04,59.5,4,3,TFG,
B7_PS1319_L_T01,B7_PS1319_L,2026-04-22,46.2,44.6,41.9,44.21,47.1,3,3,TFG,
B7_PS1319_L_T02,B7_PS1319_L,2026-04-22,45.6,46.9,42.3,44.95,56.8,3,3,TFG,
B7_PS1319_L_T03,B7_PS1319_L,2026-04-22,49.3,49.2,49.4,49.33,53.5,2,3,TFG,
B7_PS1319_L_T04,B7_PS1319_L,2026-04-22,48.8,48.2,47.3,48.08,60.2,4,3,TFG,
B7_PS1319_L_T05,B7_PS1319_L,2026-04-22,46.3,43.1,48,45.81,61.5,2,4,TFG,
B7_PS1319_L_T06,B7_PS1319_L,2026-04-22,47.3,45.9,46.6,46.6,62.7,3,2,TFG,
B7_PS1319_L_T07,B7_PS1319_L,2026-04-22,45.4,42.6,46.5,44.82,56.6,3,3,TFG,
B7_PS1319_L_T08,B7_PS1319_L,2026-04-22,46.3,49.7,43.6,46.55,58.1,3,3,TFG,
B7_PS1319_L_T09,B7_PS1319_L,2026-04-22,48.2,45.5,47,46.92,60.5,4,3,TFG,
B7_PS1319_L_T10,B7_PS1319_L,2026-04-22,47.2,44.5,44.3,45.33,59.2,2,3,TFG,
B7_PS1319_L_T11,B7_PS1319_L,2026-04-22,44.2,43.5,43.6,43.76,57.6,2,4,TFG,
B7_PS1319_L_T12,B7_PS1319_L,2026-04-22,40.8,43.8,50.7,45.1,62.1,3,4,TFG,
B7_PS1319_M_T01,B7_PS1319_M,2026-04-22,53.5,50,54.3,52.59,56,4,4,TFG,
B7_PS1319_M_T02,B7_PS1319_M,2026-04-22,55.7,56.3,53,55,59.1,3,3,TFG,
B7_PS1319_M_T03,B7_PS1319_M,2026-04-22,56.2,50.6,55.3,54.04,55.3,3,3,TFG,
B7_PS1319_M_T04,B7_PS1319_M,2026-04-22,52.1,49.2,53,51.44,65.6,3,3,TFG,
B7_PS1319_M_T05,B7_PS1319_M,2026-04-22,52.8,56.4,50.3,53.17,56.4,4,4,TFG,
B7_PS1319_M_T06,B7_PS1319_M,2026-04-22,52.4,56.3,53.1,53.9,58.9,4,3,TFG,
B7_PS1319_M_T07,B7_PS1319_M,2026-04-22,52.6,54.2,50.5,52.46,60.4,3,3,TFG,
B7_PS1319_M_T08,B7_PS1319_M,2026-04-22,50.5,51.6,52.6,51.56,54.4,4,4,TFG,
B7_PS1319_M_T09,B7_PS1319_M,2026-04-22,50.1,49.3,48.7,49.32,60.2,3,3,TFG,
B7_PS1319_M_T10,B7_PS1319_M,2026-04-22,51.1,50.7,50.3,50.71,64.1,4,3,TFG,
B7_PS1319_M_T11,B7_PS1319_M,2026-04-22,50.5,50.5,48.1,49.7,61.8,3,4,TFG,
B7_PS1319_M_T12,B7_PS1319_M,2026-04-22,56.4,53.5,46.9,52.26,68.8,4,3,TFG,
B7_PS1319_H_T01,B7_PS1319_H,2026-04-22,54.5,56.8,60.8,57.36,61.1,3,4,TFG,
B7_PS1319_H_T02,B7_PS1319_H,2026-04-22,55.7,54.1,58.2,55.99,68.5,5,4,TFG,
B7_PS1319_H_T03,B7_PS1319_H,2026-04-22,55,55,59.3,56.42,67.1,4,5,TFG,
B7_PS1319_H_T04,B7_PS1319_H,2026-04-22,54.8,56.9,56.4,56.04,63.9,4,4,TFG,
B7_PS1319_H_T05,B7_PS1319_H,2026-04-22,54.7,56.1,60.8,57.21,63.1,4,4,TFG,
B7_PS1319_H_T06,B7_PS1319_H,2026-04-22,57.6,54.1,60.8,57.51,57.4,3,4,TFG,
B7_PS1319_H_T07,B7_PS1319_H,2026-04-22,52.2,57.2,53.7,54.38,49.3,4,4,TFG,
B7_PS1319_H_T08,B7_PS1319_H,2026-04-22,53.5,56.2,55.7,55.14,58,4,4,TFG,
B7_PS1319_H_T09,B7_PS1319_H,2026-04-22,59.4,54.4,54.1,55.97,63.5,4,5,TFG,
B7_PS1319_H_T10,B7_PS1319_H,2026-04-22,53.4,53.1,60.2,55.57,57.4,4,4,TFG,
B7_PS1319_H_T11,B7_PS1319_H,2026-04-22,57.9,60.8,56.7,58.44,61.1,4,5,TFG,
B7_PS1319_H_T12,B7_PS1319_H,2026-04-22,60.3,55.2,52.9,56.13,58.2,3,4,TFG,
B8_CCN51_L_T01,B8_CCN51_L,2026-04-22,47.5,44.8,48.6,46.96,65.2,2,3,TFG,
B8_CCN51_L_T02,B8_CCN51_L,2026-04-22,46.1,47.9,41.2,45.05,61,3,3,TFG,
B8_CCN51_L_T03,B8_CCN51_L,2026-04-22,44.6,47.5,46.3,46.14,63,3,4,TFG,
B8_CCN51_L_T04,B8_CCN51_L,2026-04-22,42,47.7,46.9,45.52,61.4,3,3,TFG,
B8_CCN51_L_T05,B8_CCN51_L,2026-04-22,45,48.4,43.5,45.62,52.4,4,3,TFG,
B8_CCN51_L_T06,B8_CCN51_L,2026-04-22,46.9,46.1,47.8,46.91,66.8,3,3,TFG,
B8_CCN51_L_T07,B8_CCN51_L,2026-04-22,43.7,50.9,53.3,49.29,59.6,2,3,TFG,
B8_CCN51_L_T08,B8_CCN51_L,2026-04-22,43.4,43.7,47.9,45.01,59.3,2,2,TFG,
B8_CCN51_L_T09,B8_CCN51_L,2026-04-22,44.9,49.3,44.2,46.16,63.1,3,2,TFG,
B8_CCN51_L_T10,B8_CCN51_L,2026-04-22,48.3,46.2,50.5,48.33,63.7,4,3,TFG,
B8_CCN51_L_T11,B8_CCN51_L,2026-04-22,45.5,43.9,43.5,44.27,65.5,4,3,TFG,
B8_CCN51_L_T12,B8_CCN51_L,2026-04-22,41.4,45.6,45.5,44.16,60.3,3,3,TFG,
B8_CCN51_M_T01,B8_CCN51_M,2026-04-22,56.1,49.8,59.7,55.2,70.5,4,4,TFG,
B8_CCN51_M_T02,B8_CCN51_M,2026-04-22,54,56.1,54.9,55,65.8,4,4,TFG,
B8_CCN51_M_T03,B8_CCN51_M,2026-04-22,50.8,52.4,55.8,52.96,66.1,4,4,TFG,
B8_CCN51_M_T04,B8_CCN51_M,2026-04-22,55.2,57.7,53.2,55.38,59,2,3,TFG,
B8_CCN51_M_T05,B8_CCN51_M,2026-04-22,56.6,50.7,57.5,54.95,67,4,4,TFG,
B8_CCN51_M_T06,B8_CCN51_M,2026-04-22,52.1,54.5,52.1,52.91,66,3,4,TFG,
B8_CCN51_M_T07,B8_CCN51_M,2026-04-22,57.3,60.9,54,57.41,64.5,3,4,TFG,
B8_CCN51_M_T08,B8_CCN51_M,2026-04-22,55.4,53.3,55.7,54.81,65.3,4,3,TFG,
B8_CCN51_M_T09,B8_CCN51_M,2026-04-22,53.8,51.2,57.3,54.09,70.1,3,3,TFG,
B8_CCN51_M_T10,B8_CCN51_M,2026-04-22,57.2,54.9,58.3,56.8,60.4,3,3,TFG,
B8_CCN51_M_T11,B8_CCN51_M,2026-04-22,56,53.2,53,54.05,66.4,3,3,TFG,
B8_CCN51_M_T12,B8_CCN51_M,2026-04-22,49.8,55.1,59.6,54.85,57,3,3,TFG,
B8_CCN51_H_T01,B8_CCN51_H,2026-04-22,55.8,51,54.9,53.89,64.4,4,4,TFG,
B8_CCN51_H_T02,B8_CCN51_H,2026-04-22,55.4,55.7,60.9,57.32,65.6,4,3,TFG,
B8_CCN51_H_T03,B8_CCN51_H,2026-04-22,56.9,56.4,56.8,56.7,72.3,5,4,TFG,
B8_CCN51_H_T04,B8_CCN51_H,2026-04-22,53.2,55.8,54.1,54.36,62.2,4,3,TFG,
B8_CCN51_H_T05,B8_CCN51_H,2026-04-22,55.2,60.5,60.5,58.72,63.2,4,5,TFG,
B8_CCN51_H_T06,B8_CCN51_H,2026-04-22,49.9,53.9,58.3,54.02,63.6,5,4,TFG,
B8_CCN51_H_T07,B8_CCN51_H,2026-04-22,54.6,54.5,54.1,54.4,67.5,4,3,TFG,
B8_CCN51_H_T08,B8_CCN51_H,2026-04-22,54.4,53.5,55.4,54.43,68.2,3,4,TFG,
B8_CCN51_H_T09,B8_CCN51_H,2026-04-22,55.1,52.3,61.5,56.3,66.7,4,4,TFG,
B8_CCN51_H_T10,B8_CCN51_H,2026-04-22,53.1,57.9,52.6,54.56,62.2,4,3,TFG,
B8_CCN51_H_T11,B8_CCN51_H,2026-04-22,57.9,54.5,55.3,55.91,53.6,4,4,TFG,
B8_CCN51_H_T12,B8_CCN51_H,2026-04-22,55.9,57.7,52,55.22,62.7,4,4,TFG,
B8_PS1319_L_T01,B8_PS1319_L,2026-04-22,52.4,45.6,41.6,46.52,62.6,3,3,TFG,
B8_PS1319_L_T02,B8_PS1319_L,2026-04-22,48.2,42.7,46.1,45.69,66.7,3,3,TFG,
B8_PS1319_L_T03,B8_PS1319_L,2026-04-22,45.7,48.5,50,48.05,48.8,2,3,TFG,
B8_PS1319_L_T04,B8_PS1319_L,2026-04-22,47,49.5,42.7,46.39,62.3,2,3,TFG,
B8_PS1319_L_T05,B8_PS1319_L,2026-04-22,44.6,46.8,48.1,46.5,57.4,4,2,TFG,
B8_PS1319_L_T06,B8_PS1319_L,2026-04-22,49.2,51.1,43.4,47.87,61.9,3,3,TFG,
B8_PS1319_L_T07,B8_PS1319_L,2026-04-22,42.8,46.1,47.2,45.37,59.6,2,3,TFG,
B8_PS1319_L_T08,B8_PS1319_L,2026-04-22,46.3,49.3,43.2,46.27,58.2,2,2,TFG,
B8_PS1319_L_T09,B8_PS1319_L,2026-04-22,47.4,44.7,45.2,45.75,54.4,2,4,TFG,
B8_PS1319_L_T10,B8_PS1319_L,2026-04-22,47.9,46.1,43.5,45.81,59.8,3,3,TFG,
B8_PS1319_L_T11,B8_PS1319_L,2026-04-22,46.1,44,49.2,46.41,60.5,3,3,TFG,
B8_PS1319_L_T12,B8_PS1319_L,2026-04-22,45,48.7,46.8,46.81,57.8,3,3,TFG,
B8_PS1319_M_T01,B8_PS1319_M,2026-04-22,54.3,53.7,51.8,53.26,55.5,5,3,TFG,
B8_PS1319_M_T02,B8_PS1319_M,2026-04-22,54.7,50.4,53.3,52.82,50,4,4,TFG,
B8_PS1319_M_T03,B8_PS1319_M,2026-04-22,52.1,56.1,53,53.73,65.4,4,4,TFG,
B8_PS1319_M_T04,B8_PS1319_M,2026-04-22,52.8,55.4,46,51.4,52.5,3,3,TFG,
B8_PS1319_M_T05,B8_PS1319_M,2026-04-22,56,54.9,47.6,52.83,52.6,4,3,TFG,
B8_PS1319_M_T06,B8_PS1319_M,2026-04-22,56.2,51.6,53,53.6,61.4,3,4,TFG,
B8_PS1319_M_T07,B8_PS1319_M,2026-04-22,54.1,51.3,54.4,53.29,64.3,5,4,TFG,
B8_PS1319_M_T08,B8_PS1319_M,2026-04-22,53,52.9,53.4,53.09,55.8,5,3,TFG,
B8_PS1319_M_T09,B8_PS1319_M,2026-04-22,51.9,52.9,53.6,52.78,57.1,3,3,TFG,
B8_PS1319_M_T10,B8_PS1319_M,2026-04-22,54.8,51.8,56.2,54.26,54.9,4,3,TFG,
B8_PS1319_M_T11,B8_PS1319_M,2026-04-22,56.2,51.8,50.3,52.76,63.9,4,4,TFG,
B8_PS1319_M_T12,B8_PS1319_M,2026-04-22,55.6,58.4,60.7,58.25,66.1,3,4,TFG,
B8_PS1319_H_T01,B8_PS1319_H,2026-04-22,57.4,57.6,57.2,57.39,54.3,3,4,TFG,
B8_PS1319_H_T02,B8_PS1319_H,2026-04-22,57.3,58.2,60.1,58.53,53.4,5,5,TFG,
B8_PS1319_H_T03,B8_PS1319_H,2026-04-22,55.5,56.5,60.3,57.47,56.6,5,3,TFG,
B8_PS1319_H_T04,B8_PS1319_H,2026-04-22,60.3,54.4,53.7,56.14,67.4,5,4,TFG,
B8_PS1319_H_T05,B8_PS1319_H,2026-04-22,56.1,57.8,55.3,56.38,60.5,4,3,TFG,
B8_PS1319_H_T06,B8_PS1319_H,2026-04-22,55.9,56.2,59.6,57.21,62.6,3,3,TFG,
B8_PS1319_H_T07,B8_PS1319_H,2026-04-22,52.4,53.6,53.2,53.04,57.1,4,4,TFG,
B8_PS1319_H_T08,B8_PS1319_H,2026-04-22,56.8,55.9,56.9,56.5,55.5,4,4,TFG,
B8_PS1319_H_T09,B8_PS1319_H,2026-04-22,57.6,57.2,53.9,56.22,67.9,4,3,TFG,
B8_PS1319_H_T10,B8_PS1319_H,2026-04-22,55.5,59,61.8,58.77,69.4,5,4,TFG,
B8_PS1319_H_T11,B8_PS1319_H,2026-04-22,59.8,60.6,57.9,59.43,60.3,4,4,TFG,
B8_PS1319_H_T12,B8_PS1319_H,2026-04-22,57.1,55.7,61.8,58.23,47.7,3,4,TFG,
